Comparation set,Ranking Popularity,City,Identity,Category,Primary tags,Name provider,Id,URL,Secondary tags,Cancellation,Availability,Language
1,1,1,colosseum,14,skip; ticket; tour,Viator,3058ANCIENT,http://www.partner.viator.com/en/23271/tours/Rome/Ancient-Rome-Half-Day-Walking-Tour/d511-3058ANCIENT,instant; mobile ,"more than 7 days in advance: full refund
between 2 and 7 days in advance: 50% refund",Everyday,English
1,1,1,colosseum,14,skip; ticket; tour,Getyourguide,61014,https://www.getyourguide.com/rome-l33/rome-35-hour-colosseum-roman-forum-walking-tour-t61014/,instant; mobile ,more than 2 days in advance: full refund,Everyday,English; German; French; Spanish; Portuguese; Italian
1,1,1,colosseum,14,skip; ticket; tour,Getyourguide,4903,https://www.getyourguide.com/rome-l33/skip-the-line-ancient-old-rome-walking-tour-t4903/,instant; mobile ,more than 1 day in advance: full refund,Everyday,English; German; French; Spanish
1,1,1,colosseum,14,skip; ticket; tour,Musement,101ff450-2046-11e7-9cc9-06a7e332783f,/uk/rome/colosseum-and-roman-forum-guided-tour-for-small-groups-1834/,instant; mobile; smallgroup,Free cancellation,Friday; Saturday; Sunday,
1,1,1,colosseum,14,skip; ticket; tour,Musement,0f5f211f-2046-11e7-9cc9-06a7e332783f,https://www.musement.com/uk/rome/ancient-rome-tour-skip-the-line-to-the-colosseum-the-roman-forum-and-the-palatine-hill-773/,instant; mobile,,,
1,1,1,colosseum,14,skip; ticket; tour,CityDiscovery,13005,http://www.city-discovery.com/trackingAffiliate.php?tour=13005&affiliateID=4880LOCAL,instant; mobile ,"more than 8 days in advance: full refund
4 to 8 days in advance: 80% refund
less than 4 days: no refund",Everyday,
1,1,1,colosseum,14,skip; ticket; tour,Ceetiz,"not integrateed yet, probably url, tricky ",https://partners.ceetiz.com/lien/758/443/go,instant; mobile ,"more than 7 days in advance: full refund
4 to 8 days in advance: 50% refund
less than 4 days: no refund",Everyday,English; German; French; Spanish; Portuguese
1,1,1,colosseum,14,skip; ticket; tour,Headout,3866,https://www.headout.com/tour/3866/italy/rome/ancient-rome-half-day-walking-tour,instant; mobile ,,Everyday,English; German; French; Spanish; Portuguese
1,1,1,colosseum,14,skip; ticket; tour,Headout,3867,https://www.headout.com/tour/3867/italy/rome/skip-the-line-colosseum-palatine-hill-roman-forums-semi-private-tour,instant; mobile ,,,
1,1,1,colosseum,14,skip; ticket; tour,Expedia,not integrated yet,"https://www.expedia.ie/things-to-do/skip-the-line-colosseum-roman-forum-palatine-hill.a166587.activity-details?srp=true&location=Rome,%20Italy&latLong=41.903755,12.479556",instant; mobile ,"unitil 4 days in advance: full refund
less than 4 days: no refund",Everyday,English
2,8,1,colosseum,8,ticket,Getyourguide,45467,https://www.getyourguide.com/rome-l33/combined-ticket-colosseum-roman-forum-palatine-hill-t45467/,instant; print,,,
2,8,1,colosseum,8,ticket,Musement,088bf49f-2046-11e7-9cc9-06a7e332783f,https://www.musement.com/uk/rome/skip-the-line-tickets-to-the-colosseum-the-roman-forum-and-the-palatine-hill-285/,instant; print,,,
2,8,1,colosseum,8,ticket,Tiqets,973760,https://www.tiqets.com/en/rome-c71631/colosseum-roman-forum-and-palatine-hill-p973760?op=1,instant; mobile ,,,
2,8,1,colosseum,8,ticket,CityDiscovery,12360,http://www.city-discovery.com/trackingAffiliate.php?tour=12360&affiliateID=4880LOCAL,instant; print,,,
2,8,1,colosseum,8,ticket,Ceetiz,,https://www.ceetiz.com/rome/skip-the-line-tickets-coliseum-palatine-hill-roman-forum,,,,
2,8,1,colosseum,8,ticket,Expedia,,"https://www.expedia.ie/things-to-do/skip-the-line-colosseum-palatine-hill-roman-forum-ticket.a166461.activity-details?srp=true&location=Rome,%20Italy&latLong=41.903755,12.479556",instant; print,,,
3,2,1,colosseum,8,skip; ticket,Getyourguide,62217,https://www.getyourguide.com/rome-l33/colosseum-ticket-t62217/,instant; mobile ,,,
3,2,1,colosseum,8,skip; ticket,Tiqets,974371,https://www.tiqets.com/en/rome-c71631/colosseum-skip-the-line-package-p974371,instant; mobile ,,,
4,10,1,Pompeii; Naples; fromrome; ,11,skip; ticket; lunch,Viator,2390GRET15,http://www.partner.viator.com/en/23271/tours/Rome/Naples-and-Pompeii-Day-Trip-from-Rome/d511-2390GRET15,instant,,,
4,10,1,Pompeii; Naples; fromrome; ,11,skip; ticket; lunch,Getyourguide,5825,https://www.getyourguide.com/rome-l33/naples-pompeii-day-trip-from-rome-t5825/,instant; mobile ,,,
4,10,1,Pompeii; Naples; fromrome; ,11,skip; ticket; lunch,Musement,15b09447-2046-11e7-9cc9-06a7e332783f,https://www.musement.com/uk/rome/unesco-jewels-pompeii-and-naples-full-day-tour-from-rome-8681/,instant; mobile ,,,
4,10,1,Pompeii; Naples; fromrome; ,11,skip; ticket; lunch,Ceetiz,,https://partners.ceetiz.com/lien/3362/443/go,instant; mobile ,,,
4,10,1,Pompeii; Naples; fromrome; ,11,skip; ticket; lunch,Getyourguide,77749,https://www.getyourguide.com/rome-l33/from-rome-full-day-pompeii-naples-tour-t77749/,instant; print,,,
4,10,1,Pompeii; Naples; fromrome; ,11,skip; ticket; lunch,Getyourguide,57460,https://www.getyourguide.com/rome-l33/naples-and-pompeii-full-day-tour-from-rome-with-lunch-t57460/,instant; mobile ,,,
4,10,1,Pompeii; Naples; fromrome; ,11,skip; ticket; lunch,Getyourguide,9255,https://www.getyourguide.com/rome-l33/pompei-and-naples-day-trip-from-rome-t9255/,instant; mobile ,,,
4,10,1,Pompeii; Naples; fromrome; ,11,skip; ticket; lunch,CityDiscovery,9169,http://www.city-discovery.com/trackingAffiliate.php?tour=9169&affiliateID=4880LOCAL,instant; mobile ,,,
4,10,1,Pompeii; Naples; fromrome; ,11,skip; ticket; lunch,CityDiscovery,14969,http://www.city-discovery.com/trackingAffiliate.php?tour=14969&affiliateID=4880LOCAL,instant; mobile ,,,
5,3,1,"Vaticanmuseums; St. Peter's Basilica; Sistine Chapel
",14,skip; ticket; tour,Viator,3731VATICAN,http://www.partner.viator.com/en/23271/tours/Rome/Skip-the-Line-Vatican-Museums-with-St-Peters-Sistine-Chapel-and-Small-Group-Upgrade/d511-3731VATICAN,instant; mobile ,,,
5,3,1,"Vaticanmuseums; St. Peter's Basilica; Sistine Chapel
",14,skip; ticket; tour,Getyourguide,1103,https://www.getyourguide.com/rome-l33/skip-the-line-vatican-museums-sistine-chapel-st-peter-s-t1103/,instant; mobile ,,,
5,3,1,"Vaticanmuseums; St. Peter's Basilica; Sistine Chapel
",14,skip; ticket; tour,Musement,0f5f2ac8-2046-11e7-9cc9-06a7e332783f,https://www.musement.com/uk/rome/essential-vatican-tour-museums-st-peter-s-and-sistine-chapel-with-skip-the-line-tickets-776/,instant; mobile ,,,
5,3,1,"Vaticanmuseums; St. Peter's Basilica; Sistine Chapel
",14,skip; ticket; tour,CityDiscovery,3640,http://www.city-discovery.com/trackingAffiliate.php?tour=3640&affiliateID=4880LOCAL,instant; mobile ,,,
5,3,1,"Vaticanmuseums; St. Peter's Basilica; Sistine Chapel
",14,skip; ticket; tour,Ceetiz,,https://partners.ceetiz.com/lien/3317/443/go,instant; mobile ,,,
5,3,1,"Vaticanmuseums; St. Peter's Basilica; Sistine Chapel
",14,skip; ticket; tour,Headout,3161,https://www.headout.com/tour/3161/italy/rome/skip-the-line-tour-of-vatican-museums-sistine-chapel-st-peter-s-basilica,instant; mobile ,,,
5,3,1,"Vaticanmuseums; St. Peter's Basilica; Sistine Chapel
",14,skip; ticket; tour,Expedia,,"https://www.expedia.ie/things-to-do/skip-the-line-vatican-museums-sistine-chapel-tour.a166524.activity-details?srp=true&location=Rome,%20Italy&latLong=41.903755,12.479556",instant; mobile ,,,
6,4,1,"Vaticanmuseums; St. Peter's Basilica; Sistine Chapel
",8,skip; ticket; ,Viator,3731SKIP,http://www.partner.viator.com/en/23271/tours/Rome/Skip-the-Line-Vatican-Museums-Tickets/d511-3731SKIP,instant; mobile ,,,
6,4,1,"Vaticanmuseums; St. Peter's Basilica; Sistine Chapel
",8,skip; ticket; ,Getyourguide,62214,https://www.getyourguide.com/rome-l33/skip-the-line-vatican-museums-sistine-chapel-ticket-t62214/,instant; mobile ,,,
6,4,1,"Vaticanmuseums; St. Peter's Basilica; Sistine Chapel
",8,skip; ticket; ,Musement,0f54ca01-2046-11e7-9cc9-06a7e332783f,https://www.musement.com/uk/rome/vatican-museums-and-sistine-chapel-skip-the-line-tickets-512/,instant; mobile ,,,
6,4,1,"Vaticanmuseums; St. Peter's Basilica; Sistine Chapel
",8,skip; ticket; ,CityDiscovery,13152,http://www.city-discovery.com/trackingAffiliate.php?tour=13152&affiliateID=4880LOCAL,instant; mobile ,,,
6,4,1,"Vaticanmuseums; St. Peter's Basilica; Sistine Chapel
",8,skip; ticket; ,Tiqets,973975,https://www.tiqets.com/en/rome-c71631/vatican-museums-sistine-chapel-skip-the-line-p973975,instant; mobile ,,,
6,4,1,"Vaticanmuseums; St. Peter's Basilica; Sistine Chapel
",8,skip; ticket; ,Ceetiz,,https://www.ceetiz.com/rome/vatican-museums-sistine-chapel-skip-the-line-tickets,mobile ,,,
6,4,1,"Vaticanmuseums; St. Peter's Basilica; Sistine Chapel
",8,skip; ticket; ,Headout,6732,https://www.headout.com/tour/6732/italy/rome/skip-the-line-vatican-museums-and-sistine-chapel-tickets,instant; mobile ,,,
6,4,1,"Vaticanmuseums; St. Peter's Basilica; Sistine Chapel
",8,skip; ticket; ,Expedia,,"https://www.expedia.ie/things-to-do/skip-the-line-vatican-museums-entrance-ticket.a166616.activity-details?srp=true&location=Rome,%20Italy&latLong=41.903755,12.479556",instant; mobile ,,,
6,4,1,"Vaticanmuseums; St. Peter's Basilica; Sistine Chapel
",8,skip; ticket; ,Getyourguide,55506,https://www.getyourguide.com/rome-l33/vatican-museums-and-sistine-chapel-8am-entry-ticket-t55506/,instant; mobile ,,,
7,5,1,Colosseum; underground; arena; upperring; ,14,skip; ticket; tour,Viator,3731COLOSSEUM_SMALL,http://www.partner.viator.com/en/23271/tours/Rome/Ancient-Rome-and-Colosseum-Tour-Underground-Chambers-Arena-and-Upper-Tier/d511-3731COLOSSEUM_SMALL,instant; mobile ,,,
7,5,1,Colosseum; underground; arena; upperring; ,14,skip; ticket; tour,Getyourguide,74281,https://www.getyourguide.com/roman-forum-l2618/exclusive-colosseum-underground-and-upper-ring-tour-t74281/,instant; mobile ,,,
7,5,1,Colosseum; underground; arena; upperring; ,14,skip; ticket; tour,Ceetiz,,https://www.ceetiz.com/rome/guided-tour-of-the-colosseum-underground-arenas-and-3rd-floor-exclusive-priority-access,instant; mobile ,,,
7,5,1,Colosseum; underground; arena; upperring; ,14,skip; ticket; tour,Getyourguide,74371,https://www.getyourguide.com/roman-forum-l2618/skip-the-line-ancient-rome-and-colosseum-underground-t74371/,instant; mobile ,,,
7,5,1,Colosseum; underground; arena; upperring; ,14,skip; ticket; tour,Getyourguide,44585,https://www.getyourguide.com/rome-l33/colosseum-underground-experience-t44585/,instant; mobile ,,,
8,17,1,Colosseum; underground;,14,night; skip; ticket; tour,Musement,0f5f27c5-2046-11e7-9cc9-06a7e332783f,https://musement.com/uk/rome/colosseum-and-roman-forum-jump-the-queue-tickets-and-night-tour-with-underground-access-775/,instant; mobile ,,,
8,17,1,Colosseum; underground;,14,night; skip; ticket; tour,Viator,3731COLOSSEUMNIGHT,https://www.viator.com/tours/Rome/Colosseum-and-Ancient-Rome-Tour-by-Night/d511-3731COLOSSEUMNIGHT,instant; mobile ,,,
8,17,1,Colosseum; underground;,14,night; skip; ticket; tour,Getyourguide,24204,https://www.getyourguide.com/rome-l33/rome-colosseum-by-night-tour-with-colosseum-underground-t24204/,instant; mobile ,,,
8,17,1,Colosseum; underground;,14,night; skip; ticket; tour,CityDiscovery,8778,http://www.city-discovery.com/trackingAffiliate.php?tour=8778&affiliateID=4880LOCAL,instant; mobile ,,,
9,7,1,"Vaticanmuseums; St. Peter's Basilica; Sistine Chapel
",14,earlyaccess; skip; ticket; tour,Viator,3731VATICAN_SMALL,http://www.partner.viator.com/en/23271/tours/Rome/Skip-the-Line-Vatican-Museums-Small-Group-Tour-including-Sistine-Chapel-and-St-Peters-Basilica/d511-3731VATICAN_SMALL,smallgroup; instant; mobile ,,,
9,7,1,"Vaticanmuseums; St. Peter's Basilica; Sistine Chapel
",14,earlyaccess; skip; ticket; tour,Getyourguide,63256,https://www.getyourguide.com/rome-l33/vatican-attractions-early-vip-tour-t63256/,instant; mobile ,,,
9,7,1,"Vaticanmuseums; St. Peter's Basilica; Sistine Chapel
",14,earlyaccess; skip; ticket; tour,Getyourguide,41447,https://www.getyourguide.com/rome-l33/sistine-chapel-vatican-museums-early-bird-tour-t41447/,instant; mobile ,,,
9,7,1,"Vaticanmuseums; St. Peter's Basilica; Sistine Chapel
",14,earlyaccess; skip; ticket; tour,Getyourguide,59091,https://www.getyourguide.com/rome-l33/early-vatican-semi-private-3-hour-tour-t59091/,smallgroup; instant; mobile ,,,
9,7,1,"Vaticanmuseums; St. Peter's Basilica; Sistine Chapel
",14,earlyaccess; skip; ticket; tour,Musement,12efa72d-2046-11e7-9cc9-06a7e332783f,https://www.musement.com/uk/rome/early-access-sistine-chapel-with-st-peter-s-skip-the-line-tickets-and-crypts-tour-5192/,instant; mobile ,,,
9,7,1,"Vaticanmuseums; St. Peter's Basilica; Sistine Chapel
",14,earlyaccess; skip; ticket; tour,Headout,3181,https://www.headout.com/tour/3181/italy/rome/early-access-sistine-chapel-st-peter-s-basilica-tour-skip-the-line,instant; mobile ,,,
9,7,1,"Vaticanmuseums; St. Peter's Basilica; Sistine Chapel
",14,earlyaccess; skip; ticket; tour,Viator,7599P1,http://www.partner.viator.com/en/23271/tours/Rome/Semi-Private-Early-entrance-Vatican-and-Sistine-Chapel-including-St-Peter-Basilica-small-group-tour/d511-7599P1,instant; mobile ,,,
10,6,1,Borghesegallery,8,ticket; skip,Tiqets,974333,https://www.tiqets.com/en/rome-c71631/borghese-gallery-p974333,instant; mobile ,,,
10,6,1,Borghesegallery,8,ticket; skip,Ceetiz,,https://partners.ceetiz.com/lien/3366/443/go,instant; mobile ,,,
10,6,1,Borghesegallery,8,ticket; skip,Viator,9872P13,https://www.viator.com/tours/Rome/Skip-the-Line-Borghese-Gallery-Tickets/d511-9872P13,instant; mobile ,,,
10,6,1,Borghesegallery,8,ticket; skip,Getyourguide,69531,https://www.getyourguide.com/rome-l33/skip-the-line-borghese-gallery-ticket-t69531/,instant; mobile ,,,
10,6,1,Borghesegallery,8,ticket; skip,Musement,14f2a0c0-2046-11e7-9cc9-06a7e332783f,https://www.musement.com/us/rome/borghese-gallery-and-museum-in-rome-entrance-tickets-7967/,print,,,
10,6,1,Borghesegallery,8,ticket; skip,Headout,3878,https://www.headout.com/tour/3878/italy/rome/skip-the-line-admission-to-borghese-gallery,instant; mobile ,,,
10,6,1,Borghesegallery,8,ticket; skip,Viator,3731SKIPBOR,http://www.partner.viator.com/en/23271/tours/Rome/Skip-the-Line-Borghese-Gallery-Tickets/d511-3731SKIPBOR,instant; mobile ,,,
10,6,1,Borghesegallery,8,ticket; skip,CityDiscovery,11065,http://www.city-discovery.com/trackingAffiliate.php?tour=11065&affiliateID=4880LOCAL,print,,,
11,23,1,Borghesegallery,14,ticket; skip; tour,Getyourguide,3095,https://www.getyourguide.com/rome-l33/skip-the-line-borghese-gallery-gardens-half-day-tour-t3095/,instant; mobile ,,,
11,8,1,Borghesegallery,14,ticket; skip; tour,Getyourguide,56163,https://www.getyourguide.com/rome-l33/borghese-gallery-and-gardens-skip-the-line-tour-t56163/,instant; mobile ,,,
11,8,1,Borghesegallery,14,ticket; skip; tour,Getyourguide,60186,https://www.getyourguide.com/rome-l33/rome-small-group-tour-of-borghese-gallery-t60186/,instant; mobile ,,,
11,8,1,Borghesegallery,14,ticket; skip; tour,Getyourguide,49059,https://www.getyourguide.com/rome-l33/skip-the-line-borghese-gallery-small-group-tour-t49059/,instant; mobile ,,,
11,8,1,Borghesegallery,14,ticket; skip; tour,Viator,9872P7,http://www.partner.viator.com/en/23271/tours/Rome/Small-Group-Tour-Skip-the-Line-Borghese-Gallery/d511-9872P7,instant; mobile ,,,
11,8,1,Borghesegallery,14,ticket; skip; tour,Viator,3731BORGHESE,http://www.partner.viator.com/en/23271/tours/Rome/Skip-the-Line-Borghese-Gallery-and-Gardens-Walking-Tour/d511-3731BORGHESE,instant; mobile ,,,
11,8,1,Borghesegallery,14,ticket; skip; tour,Viator,5034P56,http://www.partner.viator.com/en/23271/tours/Rome/Borghese-Gallery-and-Gardens-Transport-skip-the-line-in-a-small-group-tour/d511-5034P56,instant; mobile ,,,
11,8,1,Borghesegallery,14,ticket; skip; tour,Headout,3105,https://www.headout.com/tour/3105/italy/rome/skip-the-line-borghese-gallery-and-gardens-half-day-tour,instant; mobile ,,,
11,8,1,Borghesegallery,14,ticket; skip; tour,Musement,10203540-2046-11e7-9cc9-06a7e332783f,https://www.musement.com/us/rome/borghese-gallery-and-gardens-skip-the-line-tour-with-tickets-included-1857/,instant; mobile ,,,
11,8,1,Borghesegallery,14,ticket; skip; tour,Musement,12e51e42-2046-11e7-9cc9-06a7e332783f,https://www.musement.com/uk/rome/borghese-gardens-and-gallery-jump-the-queue-tickets-and-guided-tour-4623/,instant; mobile ,,,
11,8,1,Borghesegallery,14,ticket; skip; tour,Musement,12e79462-2046-11e7-9cc9-06a7e332783f,https://www.musement.com/us/rome/borghese-gallery-skip-the-line-tickets-and-tour-with-bernini-caravaggio-and-raphael-works-of-art-4760/,instant; mobile ,,,
11,8,1,Borghesegallery,14,ticket; skip; tour,CityDiscovery,3689,http://www.city-discovery.com/trackingAffiliate.php?tour=3689&affiliateID=4880LOCAL,instant; mobile ,,,
12,20,1,"Vaticanmuseums; St. Peter's Basilica; Sistine Chapel
",14,earlyaccess; skip; ticket; escortedentrance,CityDiscovery,9758,http://www.city-discovery.com/trackingAffiliate.php?tour=9758&affiliateID=4880LOCAL,instant; mobile ,,,
12,20,1,"Vaticanmuseums; St. Peter's Basilica; Sistine Chapel
",14,earlyaccess; skip; ticket; escortedentrance,Getyourguide,34648,https://www.getyourguide.com/rome-l33/early-entry-sistine-chapel-vatican-museum-tickets-t34648/,instant; mobile ,,,
12,20,1,"Vaticanmuseums; St. Peter's Basilica; Sistine Chapel
",14,earlyaccess; skip; ticket; escortedentrance,Musement,145aade6-2046-11e7-9cc9-06a7e332783f,https://www.musement.com/us/rome/sistine-chapel-express-and-vatican-museums-ticket-7531/,instant; mobile ,,,
12,20,1,"Vaticanmuseums; St. Peter's Basilica; Sistine Chapel
",14,earlyaccess; skip; ticket; escortedentrance,Headout,3063,https://www.headout.com/tour/3063/italy/rome/exclusive-morning-access-to-sistine-chapel-vatican-museums,instant; mobile ,,,
13,9,1,"Vaticanmuseums; St. Peter's Basilica; Sistine Chapel
",14,earlyaccess; skip; ticket;,Headout,6706,https://www.headout.com/tour/6706/italy/rome/skip-the-line-exclusive-first-entrance-to-sistine-chapel,instant; mobile ,,,
13,9,1,"Vaticanmuseums; St. Peter's Basilica; Sistine Chapel
",14,earlyaccess; skip; ticket;,Getyourguide,69728,https://www.getyourguide.com/rome-l33/exclusive-first-entrance-to-sistine-chapel-t69728/,instant; mobile ,,,
14,14,1,Crypts; Catacombs,14,skip; ticket; tour,Viator,3731CRYPTS,http://www.partner.viator.com/en/23271/tours/Rome/Skip-the-Line-Crypts-and-Roman-Catacombs-Small-Group-Walking-Tour/d511-3731CRYPTS,instant; mobile ,,,
14,14,1,Crypts; Catacombs,14,skip; ticket; tour,Musement,0f5f4604-2046-11e7-9cc9-06a7e332783f,https://www.musement.com/uk/rome/crypts-and-catacombs-of-rome-skip-the-line-tour-781/,instant; mobile ,,,
14,14,1,Crypts; Catacombs,14,skip; ticket; tour,Headout,3278,https://www.headout.com/tour/3278/italy/rome/crypts-and-roman-catacombs-small-group-walking-tour,instant; mobile ,,,
14,14,1,Crypts; Catacombs,14,skip; ticket; tour,CityDiscovery,3677,http://www.city-discovery.com/trackingAffiliate.php?tour=3677&affiliateID=4880LOCAL,instant; mobile ,,,
14,14,1,Crypts; Catacombs,14,skip; ticket; tour,Getyourguide,3997,https://www.getyourguide.com/rome-l33/beneath-rome-crypts-and-catacombs-half-day-tour-t13997/,instant; mobile ,,,
15,11,1,St. Peters Dome,8,skip; ticket; audioguide,Tiqets,973842,https://www.tiqets.com/en/rome-c71631/st-peters-basilica-dome-skip-the-line-audio-guide-p973842,instant; mobile ,,,
15,11,1,St. Peters Dome,8,skip; ticket; audioguide,Getyourguide,53689,https://www.getyourguide.com/rome-l33/skip-the-line-saint-peter-s-dome-with-audio-guide-t53689/,instant; mobile ,,,
15,11,1,St. Peters Dome,8,skip; ticket; audioguide,CityDiscovery,12302,http://www.city-discovery.com/trackingAffiliate.php?tour=12302&affiliateID=4880LOCAL,instant; mobile ,,,
16,18,1,St. Peters Dome,14,skip; ticket; tour,Getyourguide,24457,https://www.getyourguide.com/rome-l33/no-line-for-saint-peter-s-basilica-with-an-audioguide-t24457/,instant; mobile ,,,
16,18,1,St. Peters Dome,14,skip; ticket; tour,Headout,3361,https://www.headout.com/tour/3361/italy/rome/saint-peter-s-dome-tour,instant; mobile ,,,
16,18,1,St. Peters Dome,14,skip; ticket; tour,Viator,5660P8,http://www.partner.viator.com/en/23271/tours/Rome/Priority-line-St-Peters-Cupola-Walking-Tour/d511-5660P8,instant; mobile ,,,
17,12,1,St. Peters Basilica,8,skip; audioguide,Tiqets,973588,https://www.tiqets.com/en/rome-c71631/st-peters-basilica-skip-the-line-audio-guide-p973588?q=st.%20peters&city_id=71631&force_search=0,instant; mobile ,,,
17,12,1,St. Peters Basilica,8,skip; audioguide,Viator,5660AUDIO,http://www.partner.viator.com/en/23271/tours/Rome/Skip-the-Line-St-Peters-Basilica-Walking-Tour/d511-5660AUDIO,instant; mobile ,,,
17,12,1,St. Peters Basilica,8,skip; audioguide,Musement,101eb7c1-2046-11e7-9cc9-06a7e332783f,https://www.musement.com/us/rome/saint-peter-s-basilica-skip-the-line-entrance-with-wi-fi-audioguide-1743/,instant; mobile ,,,
17,12,1,St. Peters Basilica,8,skip; audioguide,CityDiscovery,12301,http://www.city-discovery.com/trackingAffiliate.php?tour=12301&affiliateID=4880LOCAL,instant; mobile ,,,
18,13,1,St. Peters Basilica,8,skip; tour,Viator,5660STPETERS,http://www.partner.viator.com/en/23271/tours/Rome/Skip-the-Line-St-Peters-Basilica-Walking-Tour/d511-5660STPETERS,instant; mobile ,,,
18,13,1,St. Peters Basilica,8,skip; tour,Getyourguide,24244,https://www.getyourguide.com/rome-l33/skip-the-line-saint-peter-s-basilica-guided-tour-t24244/,instant; mobile ,,,
18,13,1,St. Peters Basilica,8,skip; tour,CityDiscovery,12300,http://www.city-discovery.com/trackingAffiliate.php?tour=12300&affiliateID=4880LOCAL,instant; mobile ,,,
19,19,1,St. Peters Basilica; St. Peters Dome,14,skip; tour; audioguide,Viator,5660CUPOLA,http://www.partner.viator.com/en/23271/tours/Rome/Skip-the-Line-St-Peters-Basilica-Walking-Tour-Including-views-from-the-Top-of-the-Cupola/d511-5660CUPOLA,instant; mobile ,,,
20,21,1,St. Peters Basilica; St. Peters Dome,8,skip; audioguide,Tiqets,974564,https://www.tiqets.com/en/rome-c71631/st-peters-basilica-dome-vip-experience-p974564?q=st.%20peters&city_id=71631&force_search=0,instant; mobile ,,,
21,15,1,Hoponbus,15,ticket; audioguide,Viator,6980ROME,http://www.partner.viator.com/en/23271/tours/Rome/Rome-Hop-On-Hop-Off-Sightseeing-Tour/d511-6980ROME,instant; mobile ,,,
21,15,1,Hoponbus,15,ticket; audioguide,Getyourguide,66064,https://www.getyourguide.com/rome-l33/rome-24-hour-hop-on-hop-off-bus-tour-t66064/,instant; mobile ,,,
21,15,1,Hoponbus,15,ticket; audioguide,CityDiscovery,9759,http://www.city-discovery.com/trackingAffiliate.php?tour=9759&affiliateID=4880LOCAL,instant; mobile ,,,
21,15,1,Hoponbus,15,ticket; audioguide,Tiqets,974339,https://www.tiqets.com/en/rome-c71631/hop-on-hop-off-bus-rome-p974339,instant; mobile ,,,
21,15,1,Hoponbus,15,ticket; audioguide,Ceetiz,,https://www.ceetiz.com/rome/rome-bus-tour-with-multiple-stops-24-hour-transport-pass,instant; mobile ,,,
21,15,1,Hoponbus,15,ticket; audioguide,Expedia,,"https://www.expedia.ie/things-to-do/hop-on-hop-off-rome-panoramic-bus-tour.a247607.activity-details?srp=true&location=Rome,%20Italy&latLong=41.903755,12.479556",instant; mobile ,,,
22,16,1,Pompeii; fromrome;,11, skip; ticket,Tiqets,974444,https://www.tiqets.com/en/rome-c71631/pompeii-skip-the-line-bus-roundtrip-p974444?q=Pompeii&city_id=71631&force_search=0,instant; mobile ,,,
23,22,1,Pompeii; Vesuvius;  fromrome;,11,skip; ticket; tour,Getyourguide,10453,https://www.getyourguide.com/rome-l33/pompeii-and-vesuvius-volcano-full-day-trip-from-rome-t10453/,instant; mobile ,,,
23,22,1,Pompeii; Vesuvius;  fromrome;,11,skip; ticket; tour,Viator,3731VESUVIUS,http://www.partner.viator.com/en/23271/tours/Rome/Pompeii-Day-Trip-from-Rome/d511-3731VESUVIUS,instant; mobile ,,,
23,22,1,Pompeii; Vesuvius;  fromrome;,11,skip; ticket; tour,CityDiscovery,7043,http://www.city-discovery.com/trackingAffiliate.php?tour=7043&affiliateID=4880LOCAL,instant; mobile ,,,
24,24,1,Colosseum; Vaticanmuseums; St. Peter's Basilica; Sistine Chapel,14; 15,skip; ticket; tour,Headout,6798,https://www.headout.com/tour/6798/italy/rome/priority-access-7-hour-guided-tour-of-the-vatican-ancient-rome,instant; mobile ,,,
24,24,1,Colosseum; Vaticanmuseums; St. Peter's Basilica; Sistine Chapel,14; 15,skip; ticket; tour,Viator,3731SSVAC,https://www.viator.com/tours/Rome/Rome-Combo-Skip-the-Line-Vatican-Museums-Sistine-Chapel-St-Peters-Basilica-and-Colosseum-Walking-Tour/d511-3731SSVAC,instant; mobile ,,,
24,24,1,Colosseum; Vaticanmuseums; St. Peter's Basilica; Sistine Chapel,14; 15,skip; ticket; tour,Headout,3241,https://www.headout.com/tour/3241/italy/rome/guided-tour-of-colosseum-vatican-museum-sistine-chapel-with-priority-access,instant; mobile ,,,
24,24,1,Colosseum; Vaticanmuseums; St. Peter's Basilica; Sistine Chapel,14; 15,skip; ticket; tour,Getyourguide,18426,https://www.getyourguide.com/rome-l33/skip-the-line-vatican-ancient-rome-combined-tour-t18426/,instant; mobile ,,,
25,25,1,pompeii; amalficoast; positano; fromrome,11,skip; ticket; tour; ,Musement,1208e5f9-2046-11e7-9cc9-06a7e332783f,https://www.musement.com/us/rome/pompeii-and-amalfi-coast-day-trip-from-rome-4395/,instant; mobile ,,,
25,25,1,pompeii; amalficoast; positano; fromrome,11,skip; ticket; tour; ,Viator,15693P17,https://www.viator.com/tours/Rome/Small-Group-Pompeii-with-Amalfi-Coast-Drive-and-Positano-Stop-from-Rome/d511-15693P17,instant; mobile ,,,
25,25,1,pompeii; amalficoast; positano; fromrome,11,skip; ticket; tour; ,Viator,5034POSITANOAMALFI,https://www.viator.com/tours/Rome/Amalfi-Coast-Small-Group-Day-Trip-from-Rome-Including-Positano/d511-5034POSITANOAMALFI,instant; mobile ,,,
25,25,1,pompeii; amalficoast; positano; fromrome,11,skip; ticket; tour; ,Headout,3219,https://www.headout.com/tour/3219/italy/rome/pompeii-full-day-tour-with-amalfi-coast-drive,instant; mobile ,,,
25,25,1,pompeii; amalficoast; positano; fromrome,11,skip; ticket; tour; ,Getyourguide,62344,https://www.getyourguide.com/rome-l33/amalfi-coast-and-pompeii-tour-from-rome-t62344/,instant; mobile ,,,
25,25,1,pompeii; amalficoast; positano; fromrome,11,skip; ticket; tour; ,Getyourguide,53764,https://www.getyourguide.com/rome-l33/pompeii-and-amalfi-coast-small-group-day-trip-from-rome-t53764/,instant; mobile ,,,
25,25,1,pompeii; amalficoast; positano; fromrome,11,skip; ticket; tour; ,Getyourguide,31941,https://www.getyourguide.com/rome-l33/pompeii-and-amalfi-coast-tour-from-rome-t31941/,instant; mobile ,,,
25,25,1,pompeii; amalficoast; positano; fromrome,11,skip; ticket; tour; ,Getyourguide,35205,https://www.getyourguide.com/rome-l33/amalfi-coast-pompeii-day-tour-from-rome-t35205/,instant; mobile ,,,
25,25,1,pompeii; amalficoast; positano; fromrome,11,skip; ticket; tour; ,CityDiscovery,14513,http://www.city-discovery.com/trackingAffiliate.php?tour=14513&affiliateID=4880LOCAL,instant; mobile ,,,
26,26,1,Tuscany; fromrome,11,lunch; tour,Viator,3731TUSCANY,https://www.viator.com/tours/Rome/Tuscany-in-One-Day-Sightseeing-Tour-from-Rome/d511-3731TUSCANY,instant; mobile ,,,
26,26,1,Tuscany; fromrome,11,lunch; tour,CityDiscovery,8527,http://www.city-discovery.com/trackingAffiliate.php?tour=8527&affiliateID=4880LOCAL,instant; mobile ,,,
27,27,1,pompeii; amalficoast; amalfi;  fromrome,11,skip; ticket; tour;,Viator,2635POM,https://www.viator.com/tours/Rome/Pompeii-and-Amalfi-Coast-Small-Group-Day-Trip-from-Rome/d511-2635POM,instant; mobile ,,,
27,27,1,pompeii; amalficoast; amalfi;  fromrome,11,skip; ticket; tour; fromrome,CityDiscovery,3346,http://www.city-discovery.com/trackingAffiliate.php?tour=3346&affiliateID=4880LOCAL,instant; mobile ,,,
28,28,1,omniacard,8,pass,Musement,10212b92-2046-11e7-9cc9-06a7e332783f,https://www.musement.com/us/rome/the-official-rome-and-vatican-museums-omnia-pass-with-hop-on-hop-off-transport-1916/,instant; print,,,
28,28,1,omniacard,8,pass,Viator,6040ROMCARD,https://www.viator.com/tours/Rome/Rome-Card-and-Omnia-Vatican-Card-Valid-for-3-Days/d511-6040ROMCARD,instant; print,,,
28,28,1,omniacard,8,pass,Ceetiz,,https://partners.ceetiz.com/lien/759/443/go,instant; print,,,
28,28,1,omniacard,8,pass,Getyourguide,28847,https://www.getyourguide.com/rome-l33/omnia-vatican-and-rome-pass-t28847/,instant; print,,,
29,29,1,romepass,8,pass,Tiqets,974091,https://www.tiqets.com/en/rome-c71631/roma-pass-p974091?op=1,instant; mobile ,,,
30,30,1,Florence; AccademiaMuseum; fromrome;,11, tour; ticket; lunch,Viator,2390GRET17,https://www.viator.com/tours/Rome/Florence-Day-Trip-from-Rome/d511-2390GRET17,instant; mobile ,,,
31,31,1,assisi; orvieto; fromrome;,11,tour;  lunch,Viator,2390GRET13,https://www.viator.com/tours/Rome/Assisi-and-Orvieto-Day-Trip-from-Rome/d511-2390GRET13/important-info,instant; mobile ,,,
32,32,1,capri; fromrome;,11,tour;  lunch,Viator,2390GRET14,https://www.viator.com/tours/Rome/Capri-Day-Trip-from-Rome/d511-2390GRET14/important-info,instant; mobile ,,,
32,32,1,capri; fromrome;,11,tour;  lunch,Getyourguide,9251,https://www.getyourguide.com/rome-l33/capri-one-day-trip-from-rome-t9251/,instant; mobile ,,,
32,32,1,capri; fromrome;,11,tour;  lunch,CityDiscovery,282,http://www.city-discovery.com/trackingAffiliate.php?tour=282&affiliateID=4880LOCAL,instant; mobile ,,,
33,23,1,foodtour; campodefiori; trastevere; jewishghetto;,12,typicalfood; wine; localguide,Viator,5614ROMEFOOD,https://www.viator.com/tours/Rome/Small-Group-Rome-Food-Walking-Tour-Trastevere-Campo-de-Fiori-and-Jewish-Ghetto/d511-5614ROMEFOOD,instant; mobile ,,,
33,23,1,foodtour; campodefiori; trastevere; jewishghetto;,12,typicalfood; wine; localguide,Musement,11f39db9-2046-11e7-9cc9-06a7e332783f,https://www.musement.com/us/rome/campo-de-fiori-jewish-ghetto-travestere-food-tour-of-rome-4019/,instant; mobile ,,,
33,23,1,foodtour; campodefiori; trastevere; jewishghetto;,12,typicalfood; wine; localguide,Getyourguide,32773,https://www.getyourguide.com/rome-l33/food-rome-tour-campo-de-fiorijewish-ghettotrastevere-t32773/,instant; mobile ,,,
33,23,1,foodtour; campodefiori; trastevere; jewishghetto;,12,typicalfood; wine; localguide,Headout,3717,https://www.headout.com/tour/3717/italy/rome/small-group-rome-food-walking-tour-and-jewish-ghetto,instant; mobile ,,,
33,23,1,foodtour; campodefiori; trastevere; jewishghetto;,12,typicalfood; wine; localguide,CityDiscovery,15629,http://www.city-discovery.com/trackingAffiliate.php?tour=15629&affiliateID=4880LOCAL,instant; mobile ,,,
34,34,1,foodtour; testaccio;,12,typicalfood; localguide;  wine;,Viator,5553ROMEFOOD,https://www.viator.com/tours/Rome/Rome-Food-Walking-Tour/d511-5553ROMEFOOD,instant; mobile ,,,
34,34,1,foodtour; testaccio;,12,typicalfood; localguide;  wine;,Viator,9870P2,https://www.viator.com/tours/Rome/Small-group-Rome-food-walking-tour/d511-9870P2/important-info,instant; mobile ,,,
34,34,1,foodtour; testaccio;,12,typicalfood; localguide;  wine;,Getyourguide,58203,https://www.getyourguide.com/rome-l33/3-hour-testaccio-food-tour-t58203/,instant; mobile ,,,
35,35,1,foodtour,12,typicalfood; localguide,Viator,24380P67,https://www.viator.com/tours/Rome/Private-Roman-Food-Tour-The-10-Tastings/d511-24380P67,instant; mobile ,,,
36,36,1,foodtour; winetasting; pratidistrict; ,12,typicalfood; localguide; wine,Viator,12438P2,https://www.viator.com/tours/Rome/Pratti-by-sunset/d511-12438P2/important-info,instant; mobile ,,,
36,36,1,foodtour; winetasting; pratidistrict; ,12,typicalfood; localguide; wine,Headout,3583,https://www.headout.com/tour/3583/italy/rome/food-tour-in-prati-by-sunset,instant; mobile ,,,
37,37,1,foodtour; winetasting; cheese;,12,typicalfood; wine,Viator,3092ROMEWINE,https://www.viator.com/tours/Rome/Italian-Wine-and-Cheese-Tasting-in-Rome/d511-3092ROMEWINE,instant; mobile ,,,
37,37,1,foodtour; winetasting; cheese;,12,typicalfood; wine,Ceetiz,,https://partners.ceetiz.com/lien/1702/443/go,instant; mobile ,,,
37,37,1,foodtour; winetasting; cheese;,12,typicalfood; wine,CityDiscovery,4403,http://www.city-discovery.com/trackingAffiliate.php?tour=4403&affiliateID=4880LOCAL,instant; mobile ,,,
38,38,1,cookingclass; pasta;,12,typicalfood; wine,Viator,15693P23,https://www.viator.com/tours/Rome/Small-Group-Pasta-Making-Class-with-a-Local-Chef-in-Rome/d511-15693P23/important-info,instant; mobile ,,,
38,38,1,cookingclass; pasta;,12,typicalfood; wine,Musement,11ff8a5f-2046-11e7-9cc9-06a7e332783f,https://www.musement.com/us/rome/pasta-making-class-cook-dine-drink-wine-with-a-local-chef-4211/,instant; mobile ,,,
38,38,1,cookingclass; pasta;,12,typicalfood; wine,Getyourguide,53725,https://www.getyourguide.com/rome-l33/pasta-making-class-cook-and-dine-with-a-local-chef-t53725/,instant; mobile ,,,
38,38,1,cookingclass; pasta;,12,typicalfood; wine,Getyourguide,88640,https://www.getyourguide.com/rome-l33/rome-3-hour-homemade-pasta-traditional-cooking-class-t88640/,instant; mobile ,,,
39,39,1,winetasting; vineyard; castelliromani,12,wine,Getyourguide,10457,https://www.getyourguide.com/rome-l33/frascati-half-day-wine-tasting-tour-from-rome-t10457/,instant; mobile ,,,
39,39,1,winetasting; vineyard; castelliromani,12,wine,Viator,2390GRET6,https://www.viator.com/tours/Rome/Castelli-Romani-Half-Day-Tour-from-Rome-Frascati-and-Castel-Gandolfo/d511-2390GRET6,instant; mobile ,,,
39,39,1,winetasting; vineyard; castelliromani,12,wine,Ceetiz,,https://partners.ceetiz.com/lien/1739/443/go,instant; mobile ,,,
39,39,1,winetasting; vineyard; castelliromani,12,wine,CityDiscovery,7044,http://www.city-discovery.com/trackingAffiliate.php?tour=7044&affiliateID=4880LOCAL,instant; mobile ,,,
40,40,1,foodtour; campodefiori; trastevere;,12,wine; typicalfood;,Viator,3058P20,https://www.viator.com/tours/Rome/Half-Day-Food-and-Wine-Tasting-Tour-in-Rome/d511-3058P20/important-info,instant; mobile; smallgroup,,,
40,40,1,foodtour; campodefiori; trastevere;,12,wine; typicalfood;,Getyourguide,87875,https://www.getyourguide.com/rome-l33/rome-half-day-food-wine-tasting-tour-t87875/,instant; mobile; smallgroup,,,
40,40,1,foodtour; campodefiori; trastevere;,12,wine; typicalfood;,Musement,,https://www.musement.com/us/rome/4-hour-food-and-wine-walking-tour-around-rome-11238/,instant; mobile; smallgroup,,,
41,41,1,foodtour; campodefiori; trastevere;,12, typicalfood,Getyourguide,74483,https://www.getyourguide.com/rome-l33/rome-small-group-street-food-tour-with-local-guide-t74483/,instant; mobile ,,,
41,41,1,foodtour; campodefiori; trastevere;,12, typicalfood,Viator,20455P43,https://www.viator.com/tours/Rome/Rome-Street-Food-Tour-with-local-guide/d511-20455P43,instant; mobile ,,,
42,42,1,cookingclass,12,gelato,Musement,165ee9a4-2046-11e7-9cc9-06a7e332783f,https://www.musement.com/us/rome/gelato-making-class-in-rome-9920/,print,,,
43,43,1,foodtour,12,typicalfood; localguide; night,Getyourguide,54489,https://www.getyourguide.com/rome-l33/rome-food-tour-by-night-t54489/,instant; mobile ,,,
43,43,1,foodtour,12,typicalfood; localguide; night,Viator,24338P3,https://www.viator.com/tours/Rome/Trastevere-Evening-Food-Tour-in-Rome/d511-24338P3,instant; mobile ,,,
44,44,1,walkingtour; mystery,15,night; tour; ,Viator,3731GHOST,https://www.viator.com/tours/Rome/Ghost-and-Mystery-Walking-Tour-of-Rome/d511-3731GHOST,instant; mobile ,,,
44,44,1,walkingtour; mystery,15,night; tour; ,Getyourguide,6129,https://www.getyourguide.com/rome-l33/dark-heart-of-rome-facts-legend-mystery-walking-tour-t6129/,instant; mobile ,,,
44,44,1,walkingtour; mystery,15,night; tour; ,CityDiscovery,3653,http://www.city-discovery.com/trackingAffiliate.php?tour=3653&affiliateID=4880LOCAL,instant; mobile ,,,
45,45,1,Biketour; topsights,15,tour; ,Getyourguide,18265,https://www.getyourguide.com/rome-l33/rome-bike-tour-monuments-and-hidden-gems-t18265/,instant; mobile ,,,
45,45,1,Biketour; topsights,15,tour; ,Getyourguide,51113,https://www.getyourguide.com/rome-l33/discover-rome-3-hour-bike-tour-t51113/,instant; mobile ,,,
45,45,1,Biketour; topsights,15,tour; ,Viator,5284ROME1,https://www.viator.com/tours/Rome/Rome-City-Bike-Tour/d511-5284ROME1,instant; mobile ,,,
45,45,1,Biketour; topsights,15,tour; ,Headout,3138,https://www.headout.com/tour/3138/italy/rome/rome-guided-bike-tour,instant; mobile ,,,
46,46,1,Catacombs; Appianway; walkingtour,15; 14; 2,ticket; tour; ,Getyourguide,6587,https://www.getyourguide.com/rome-l33/catacombs-and-the-appian-way-day-trip-from-rome-t6587/,instant; mobile ,,,
46,46,1,Catacombs; Appianway; walkingtour, 15; 14; 2,ticket; tour; ,Viator,3058CATACOMBS,https://www.viator.com/tours/Rome/Catacombs-and-Roman-Countryside-Half-Day-Walking-Tour/d511-3058CATACOMBS,instant; mobile ,,,
47,33,1,Tivoli; villadeste; hadriansvilla,11; 14,ticket; tour; ,Getyourguide,7975,https://www.getyourguide.com/rome-l33/villa-d-este-adrian-s-villa-tivoli-day-trip-from-rome-t7975/,instant; mobile ,,,
47,33,1,Tivoli; villadeste; hadriansvilla,11; 14,ticket; tour; ,Headout,6756,https://www.headout.com/tour/6756/italy/rome/skip-the-line-guided-tour-of-hadrian-s-villa-villa-d-este,instant; mobile ,,,
47,33,1,Tivoli; villadeste; hadriansvilla,11; 14,ticket; tour; ,Headout,3213,https://www.headout.com/tour/3213/italy/rome/tivoli-villa-adriana-villa-d-este-tour,instant; mobile ,,,
47,33,1,Tivoli; villadeste; hadriansvilla,11; 14,ticket; tour; ,Getyourguide,5887,https://www.getyourguide.com/rome-l33/hadrian-s-villa-villa-d-este-from-half-day-trip-from-rome-t5887/,instant; mobile ,,,
47,33,1,Tivoli; villadeste; hadriansvilla,11; 14,ticket; tour; ,Viator,3058TIVOLI,https://www.viator.com/tours/Rome/Tivoli-Day-Trip-from-Rome-Villa-dEste-and-Hadrians-Villa/d511-3058TIVOLI,instant; mobile ,,,
47,33,1,Tivoli; villadeste; hadriansvilla,11; 14,ticket; tour; ,Getyourguide,61064,https://www.getyourguide.com/rome-l33/tivoli-day-trip-with-hadrian-s-villa-and-villa-d-este-t61064/,instant; mobile ,,,
47,33,1,Tivoli; villadeste; hadriansvilla,11; 14,ticket; tour; ,Viator,5034P54,https://www.viator.com/tours/Rome/UNESCO-Heritage-Site-Villa-dEste-and-Hadrians-Villa-in-Tivoli/d511-5034P54,instant; mobile ,,,
47,33,1,Tivoli; villadeste; hadriansvilla,11; 14,ticket; tour; ,Viator,21340P15,https://www.viator.com/tours/Rome/Private-Tour-from-Rome-TIVOLI-and-VILLA-DESTE-Half-Day/d511-21340P15,instant; mobile ,,,
47,33,1,Tivoli; villadeste; hadriansvilla,11; 14,ticket; tour; ,Viator,12855P28,https://www.viator.com/tours/Rome/Small-Group-Tour-of-Hadrians-Villa-and-Villa-DEste-from-Rome/d511-12855P28,instant; mobile ,,,
47,33,1,Tivoli; villadeste; hadriansvilla,11; 14,ticket; tour; ,Viator,2390GRET7,https://www.viator.com/tours/Rome/Hadrians-Villa-and-Villa-dEste-Half-Day-Trip-from-Rome/d511-2390GRET7,instant; mobile ,,,
47,33,1,Tivoli; villadeste; hadriansvilla,11; 14,ticket; tour; ,CityDiscovery,272,http://www.city-discovery.com/trackingAffiliate.php?tour=272&affiliateID=4880LOCAL,instant; mobile ,,,
48,48,1,Pompeii; fromrome,11,noticket;,Getyourguide,9127,https://www.getyourguide.com/rome-l33/roundtrip-shuttle-service-to-pompeii-from-rome-t9127/,instant; mobile ,,,
49,49,1,Catacombs; Appianway; Biketour,14; 2; 15,ticket; tour; electricbike; family,Viator,5284APPIAN,https://www.viator.com/tours/Rome/Ancient-Appian-Way-Catacombs-and-Roman-Countryside-Bike-Tour/d511-5284APPIAN,instant; mobile ,,,
49,49,1,Catacombs; Appianway; Biketour,14; 2; 15,ticket; tour; electricbike; family,Getyourguide,19378,https://www.getyourguide.com/rome-l33/rome-full-day-bike-tour-appian-way-aqueducts-catacombs-t19378/,instant; mobile ,,,
49,49,1,Catacombs; Appianway; Biketour,14; 2; 15,ticket; tour; electricbike; family,Headout,3171,https://www.headout.com/tour/3171/italy/rome/the-ancient-appian-way-catacombs-aqueducts-park-bike-tour,print,,,
50,50,1,Biketour; Topsights;,15; 14; 2, electricbike,Viator,5284ROME2,https://www.viator.com/tours/Rome/Panoramic-Bike-Tour-of-Rome/d511-5284ROME2,instant; mobile ,,,
51,51,1,Biketour; foodtour; Topsights;,15; 14; 2,typicalfood,Headout,3139,https://www.headout.com/tour/3139/italy/rome/rome-guided-bike-tour-with-food-tasting,instant; mobile ,,,
51,51,1,Biketour; foodtour; Topsights;,15; 14; 2,typicalfood,Viator,3092ROMEBIKE,https://www.viator.com/tours/Rome/Rome-Bike-and-Food-Tour/d511-3092ROMEBIKE,instant; mobile ,,,
51,51,1,Biketour; foodtour; Topsights;,15; 14; 2,typicalfood,CityDiscovery,15343,http://www.city-discovery.com/trackingAffiliate.php?tour=15343&affiliateID=4880LOCAL,instant; mobile ,,,
52,52,1,Colosseum,14,ticket; skip; tour; kids; family,Musement,10202ff3-2046-11e7-9cc9-06a7e332783f,https://www.musement.com/us/rome/rome-for-kids-colosseum-skip-the-line-tour-1856/,instant; mobile ,,,
52,52,1,Colosseum,14,ticket; skip; tour; kids; family,Getyourguide,64318,https://www.getyourguide.com/rome-l33/rome-family-tour-of-colosseum-forum-and-palatine-hill-t64318/,instant; mobile ,,,
52,52,1,Colosseum,14,ticket; skip; tour; kids; family,Getyourguide,52566,https://www.getyourguide.com/rome-l33/rome-colosseum-show-half-day-interactive-family-tour-t52566/,instant; mobile ,,,
52,52,1,Colosseum,14,ticket; skip; tour; kids; family,Getyourguide,64181,https://www.getyourguide.com/rome-l33/rome-family-tour-of-the-colosseum-and-the-roman-forum-t64181/,instant; mobile ,,,
52,52,1,Colosseum,14,ticket; skip; tour; kids; family,Viator,20455P16,https://www.viator.com/tours/Rome/COLOSSEUM-AND-ROMAN-FORUM-TOUR-FOR-KIDS-AND-FAMILIES/d511-20455P16,instant; mobile ,,,
52,52,1,Colosseum,14,ticket; skip; tour; kids; family,Viator,3731COLOSSEUMKIDS,https://www.viator.com/tours/Rome/Skip-the-Line-Family-Friendly-Colosseum-and-Ancient-Rome-Tour/d511-3731COLOSSEUMKIDS,instant; mobile ,,,
52,52,1,Colosseum,14,ticket; skip; tour; kids; family,CityDiscovery,13211,http://www.city-discovery.com/trackingAffiliate.php?tour=13211&affiliateID=4880LOCAL,instant; mobile ,,,
53,47,1,Catacombs; Appianway; Biketour,5; 14; 2; 15,noticket;,Musement,11edadd1-2046-11e7-9cc9-06a7e332783f,https://www.musement.com/us/rome/rome-6-hour-bike-tour-to-the-appian-way-and-aqueducts-park-3866/,instant; mobile ,,,
53,47,1,Catacombs; Appianway; Biketour,5; 14; 2; 16,noticket;,Viator,8325P4,https://www.viator.com/tours/Rome/6-hour-Bike-Tour-Appian-Way-and-Aqueducts-Park/d511-8325P4/important-info,instant; mobile ,,,